# #1 Yoga Classes & Training Center In India | Yog Intra

> Yog Intra offers Best Personal Yoga Trainers, Home Visit Yoga, Online Yoga, Yoga Center, Corporate Yoga, Retreats, Workshops, Teacher Training Courses in India.

## Home
[Home](https://yogintra.com)

## About
[About](https://yogintra.com/)

## About
[About](https://yogintra.com/about)

## Gallery
[Gallery](https://yogintra.com/gallery)

## Blog
[Blog](https://yogintra.com/blog)

## Home Visit Yoga
[Home Visit Yoga](https://yogintra.com/service/home-visit-yoga)

## Private Online Yoga
[Private Online Yoga](https://yogintra.com/service/private-online-yoga)

## Group Online Yoga
[Group Online Yoga](https://yogintra.com/service/group-online-yoga)

## Corporate Yoga
[Corporate Yoga](https://yogintra.com/service/corporate-yoga)

## Yoga Center
[Yoga Center](https://yogintra.com/yoga-center)

## TTC
[TTC](https://yogintra.com/teacher-training-course)

## Retreat
[Retreat](https://yogintra.com/retreat)

## Workshop
[Workshop](https://yogintra.com/workshop)

## Trainer
[Trainer](https://yogintra.com/trainers)

## Hire
[Hire](https://yogintra.com/become-yoga-trainer)

## Contact
[Contact](https://yogintra.com/contact)

## BEGIN NOW!
[BEGIN NOW!](https://yogintra.com/embed/contact-form/Website)

## Mumbai |
[Mumbai |](https://yogintra.com/city/mumbai)

## Andheri |
[Andheri |](https://yogintra.com/city/andheri)

## Bandra |
[Bandra |](https://yogintra.com/city/bandra)

## Colaba |
[Colaba |](https://yogintra.com/city/colaba)

## Nariman Point |
[Nariman Point |](https://yogintra.com/city/nariman-point)

## Parel |
[Parel |](https://yogintra.com/city/parel)

## Worli |
[Worli |](https://yogintra.com/city/worli)

## Santacruz |
[Santacruz |](https://yogintra.com/city/santacruz)

## Versova |
[Versova |](https://yogintra.com/city/versova)

## Borivali |
[Borivali |](https://yogintra.com/city/borivali)

## Goregaon |
[Goregaon |](https://yogintra.com/city/goregaon)

## Malad |
[Malad |](https://yogintra.com/city/malad)

## Marol |
[Marol |](https://yogintra.com/city/marol)

## Kandivali |
[Kandivali |](https://yogintra.com/city/kandivali)

## Powai |
[Powai |](https://yogintra.com/city/powai)

## Thane |
[Thane |](https://yogintra.com/city/thane)

## Mulund |
[Mulund |](https://yogintra.com/city/mulund)

## Bhandup |
[Bhandup |](https://yogintra.com/city/bhandup)

## Sion |
[Sion |](https://yogintra.com/city/sion)

## Ghatkopar |
[Ghatkopar |](https://yogintra.com/city/ghatkopar)

## Dadar |
[Dadar |](https://yogintra.com/city/dadar)

## CST |
[CST |](https://yogintra.com/city/cst)

## Navi Mumbai |
[Navi Mumbai |](https://yogintra.com/city/navi-mumbai)

## Wadala |
[Wadala |](https://yogintra.com/city/wadala)

## Chembur |
[Chembur |](https://yogintra.com/city/chembur)

## Vashi |
[Vashi |](https://yogintra.com/city/vashi)

## Nerul |
[Nerul |](https://yogintra.com/city/nerul)

## Kharghar |
[Kharghar |](https://yogintra.com/city/kharghar)

## Pune |
[Pune |](https://yogintra.com/city/pune)

## Delhi |
[Delhi |](https://yogintra.com/city/delhi)

## Delhi NCR |
[Delhi NCR |](https://yogintra.com/city/delhi-ncr)

## Noida |
[Noida |](https://yogintra.com/city/noida)

## Patelnagar |
[Patelnagar |](https://yogintra.com/city/patelnagar)

## Rohini |
[Rohini |](https://yogintra.com/city/rohini)

## Karol Bagh |
[Karol Bagh |](https://yogintra.com/city/karol-bagh)

## Pitampura |
[Pitampura |](https://yogintra.com/city/pitampura)

## Rajori Garden |
[Rajori Garden |](https://yogintra.com/city/rajori-garden)

## Kirtinagar |
[Kirtinagar |](https://yogintra.com/city/kirtinagar)

## Janakpuri |
[Janakpuri |](https://yogintra.com/city/janakpuri)

## Canadplace |
[Canadplace |](https://yogintra.com/city/canadplace)

## Saket |
[Saket |](https://yogintra.com/city/saket)

## Shahdara |
[Shahdara |](https://yogintra.com/city/shahdara)

## Gurgaon |
[Gurgaon |](https://yogintra.com/city/gurgaon)

## Ghaziabad |
[Ghaziabad |](https://yogintra.com/city/ghaziabad)

## Faridabad |
[Faridabad |](https://yogintra.com/city/faridabad)

## Chandigarh |
[Chandigarh |](https://yogintra.com/city/chandigarh)

## Punjab |
[Punjab |](https://yogintra.com/city/punjab)

## Panchkula |
[Panchkula |](https://yogintra.com/city/panchkula)

## Nayagaon |
[Nayagaon |](https://yogintra.com/city/nayagaon)

## Kharar |
[Kharar |](https://yogintra.com/city/kharar)

## India |
[India |](https://yogintra.com/city/india)

## Bangalore |
[Bangalore |](https://yogintra.com/city/bangalore)

## Whitefield |
[Whitefield |](https://yogintra.com/city/whitefield)

## Electronic City |
[Electronic City |](https://yogintra.com/city/electronic-city)

## Indira Nagar |
[Indira Nagar |](https://yogintra.com/city/indira-nagar)

## MG Road |
[MG Road |](https://yogintra.com/city/mg-road)

## HSR Layout |
[HSR Layout |](https://yogintra.com/city/hsr-layout)

## Koramangala |
[Koramangala |](https://yogintra.com/city/koramangala)

## Sarjapura Road |
[Sarjapura Road |](https://yogintra.com/city/sarjapura-road)

## Hyderabad |
[Hyderabad |](https://yogintra.com/city/hyderabad)

## Goa |
[Goa |](https://yogintra.com/city/goa)

## Madgaon |
[Madgaon |](https://yogintra.com/city/madgaon)

## Agonda |
[Agonda |](https://yogintra.com/city/agonda)

## Lolen |
[Lolen |](https://yogintra.com/city/lolen)

## Ponda |
[Ponda |](https://yogintra.com/city/ponda)

## Panaji |
[Panaji |](https://yogintra.com/city/panaji)

## Mapusa |
[Mapusa |](https://yogintra.com/city/mapusa)

## Arambol |
[Arambol |](https://yogintra.com/city/arambol)

## Mopa |
[Mopa |](https://yogintra.com/city/mopa)

## Bagmalo |
[Bagmalo |](https://yogintra.com/city/bagmalo)

## Terms & Condition
[Terms & Condition](https://yogintra.com/terms-and-condition)

## Refund Policy
[Refund Policy](https://yogintra.com/refund-policy)

## Privacy Policy
[Privacy Policy](https://yogintra.com/privacy-policy)